INSERT INTO Donors (FirstName, LastName, BloodTypeID, DateOfBirth, Gender, PhoneNumber, Email, Address) VALUES
('Іван', 'Іванов', 1, '1990-01-01', 'Male', '+380671001001', 'ivan@example.com', 'Адреса 1'),
('Марія', 'Петрова', 2, '1985-05-10', 'Female', '+380671001002', 'maria@example.com', 'Адреса 2'),
('Олександр', 'Коваль', 3, '1992-07-20', 'Male', '+380671001003', 'oleksandr@example.com', 'Адреса 3'),
('Анна', 'Шевченко', 4, '1994-02-15', 'Female', '+380671001004', 'anna@example.com', 'Адреса 4'),
('Дмитро', 'Сидоренко', 1, '1991-03-30', 'Male', '+380671001005', 'dmytro@example.com', 'Адреса 5'),
('Ірина', 'Козак', 2, '1990-04-25', 'Female', '+380671001006', 'iryna@example.com', 'Адреса 6'),
('Ярослав', 'Мельник', 3, '1987-09-10', 'Male', '+380671001007', 'yaroslav@example.com', 'Адреса 7'),
('Юлія', 'Мартинюк', 4, '1993-11-05', 'Female', '+380671001008', 'yulia@example.com', 'Адреса 8'),
('Андрій', 'Лисенко', 1, '1996-08-12', 'Male', '+380671001009', 'andriy@example.com', 'Адреса 9'),
('Марина', 'Чередник', 2, '1989-06-18', 'Female', '+380671001010', 'marina@example.com', 'Адреса 10'),
('Наталія', 'Павленко', 3, '1990-05-15', 'Female', '+380671001011', 'natalia@example.com', 'Адреса 11'),
('Олег', 'Дмитренко', 4, '1992-10-02', 'Male', '+380671001012', 'oleg@example.com', 'Адреса 12'),
('Катерина', 'Іванова', 1, '1988-04-21', 'Female', '+380671001013', 'kateryna@example.com', 'Адреса 13'),
('Сергій', 'Тимошенко', 2, '1995-07-08', 'Male', '+380671001014', 'serhiy@example.com', 'Адреса 14'),
('Аліна', 'Романюк', 3, '1986-02-02', 'Female', '+380671001015', 'alina@example.com', 'Адреса 15'),
('Володимир', 'Нестеренко', 4, '1984-11-22', 'Male', '+380671001016', 'volodymyr@example.com', 'Адреса 16'),
('Маргарита', 'Левченко', 1, '1994-03-17', 'Female', '+380671001017', 'margarita@example.com', 'Адреса 17'),
('Тарас', 'Гнатюк', 2, '1987-09-19', 'Male', '+380671001018', 'taras@example.com', 'Адреса 18'),
('Вікторія', 'Островська', 3, '1991-08-28', 'Female', '+380671001019', 'viktoriya@example.com', 'Адреса 19'),
('Станіслав', 'Кравчук', 4, '1983-12-13', 'Male', '+380671001020', 'stanislav@example.com', 'Адреса 20'),
('Марія', 'Ніколаєва', 1, '1992-02-18', 'Female', '+380671001021', 'maria_n@example.com', 'Адреса 21'),
('Роман', 'Шкуренко', 2, '1994-03-30', 'Male', '+380671001022', 'roman@example.com', 'Адреса 22'),
('Лілія', 'Петренко', 3, '1990-05-20', 'Female', '+380671001023', 'liliya@example.com', 'Адреса 23'),
('Ігор', 'Чорний', 4, '1992-09-01', 'Male', '+380671001024', 'igor@example.com', 'Адреса 24'),
('Тетяна', 'Гордієнко', 1, '1993-01-10', 'Female', '+380671001025', 'tetiana@example.com', 'Адреса 25'),
('Олексій', 'Захарченко', 2, '1991-11-14', 'Male', '+380671001026', 'oleksiy@example.com', 'Адреса 26'),
('Софія', 'Куліш', 3, '1992-10-22', 'Female', '+380671001027', 'sofia@example.com', 'Адреса 27'),
('Яна', 'Данилова', 4, '1990-07-13', 'Female', '+380671001028', 'yana@example.com', 'Адреса 28'),
('Назар', 'Остапенко', 1, '1995-04-06', 'Male', '+380671001029', 'nazar@example.com', 'Адреса 29'),
('Світлана', 'Шмідт', 2, '1993-02-27', 'Female', '+380671001030', 'svitlana@example.com', 'Адреса 30');


INSERT INTO BloodTypes (TypeName) VALUES
('A'),
('B'),
('O'),
('AB'),
('A'),
('B'),
('O'),
('AB'),
('A'),
('B'),
('O'),
('AB'),
('A'),
('B'),
('O'),
('AB'),
('A'),
('B'),
('O'),
('AB'),
('A'),
('B'),
('O'),
('AB'),
('A'),
('B'),
('O'),
('AB'),
('A'),
('B');




INSERT INTO Blood (DonorID, BloodGroup, RhFactor, CollectionDate, ExpirationDate, Status) VALUES
(1, 'A', '+', '2025-03-01', '2025-06-01', 'Available'),
(2, 'B', '-', '2025-03-02', '2025-06-02', 'Available'),
(3, 'O', '+', '2025-03-03', '2025-06-03', 'Available'),
(4, 'AB', '-', '2025-03-04', '2025-06-04', 'Available'),
(5, 'A', '+', '2025-03-05', '2025-06-05', 'Reserved'),
(6, 'B', '+', '2025-03-06', '2025-06-06', 'Available'),
(7, 'O', '-', '2025-03-07', '2025-06-07', 'Used'),
(8, 'AB', '+', '2025-03-08', '2025-06-08', 'Available'),
(9, 'A', '-', '2025-03-09', '2025-06-09', 'Available'),
(10, 'B', '+', '2025-03-10', '2025-06-10', 'Available'),
(11, 'O', '+', '2025-03-11', '2025-06-11', 'Available'),
(12, 'AB', '-', '2025-03-12', '2025-06-12', 'Available'),
(13, 'A', '+', '2025-03-13', '2025-06-13', 'Reserved'),
(14, 'B', '-', '2025-03-14', '2025-06-14', 'Available'),
(15, 'O', '+', '2025-03-15', '2025-06-15', 'Available'),
(16, 'AB', '+', '2025-03-16', '2025-06-16', 'Available'),
(17, 'A', '-', '2025-04-17', '2025-06-17', 'Available'),
(18, 'B', '+', '2025-04-18', '2025-06-18', 'Available'),
(19, 'O', '-', '2025-03-19', '2025-06-19', 'Available'),
(20, 'AB', '-', '2025-03-20', '2025-06-20', 'Reserved'),
(21, 'A', '+', '2025-06-21', '2025-06-21', 'Available'),
(22, 'B', '-', '2025-03-22', '2025-06-22', 'Used'),
(23, 'O', '+', '2025-06-23', '2025-06-23', 'Available'),
(24, 'AB', '+', '2025-03-24', '2025-06-24', 'Available'),
(25, 'A', '-', '2025-06-25', '2025-06-25', 'Available'),
(26, 'B', '+', '2025-03-26', '2025-06-26', 'Available'),
(27, 'O', '-', '2025-03-27', '2025-06-27', 'Available'),
(28, 'AB', '+', '2025-03-28', '2025-06-28', 'Available'),
(29, 'A', '-', '2025-03-29', '2025-06-29', 'Available'),
(30, 'B', '+', '2025-03-30', '2025-06-30', 'Available');

INSERT INTO Recipients (FirstName, LastName, BloodTypeID, DateOfBirth, PhoneNumber, Email) VALUES
('Олександр', 'Коваль', 1, '1975-01-10', '+380931100001', 'koval@example.com'),
('Людмила', 'Гнатюк', 2, '1980-02-20', '+380931100002', 'gnatyuk@example.com'),
('Віктор', 'Кучеренко', 3, '1985-03-15', '+380931100003', 'kucherenko@example.com'),
('Аліса', 'Іванова', 4, '1990-07-10', '+380931100004', 'alysa@example.com'),
('Микола', 'Небоженко', 1, '1978-08-08', '+380931100005', 'nebozhenko@example.com'),
('Єлизавета', 'Петренко', 2, '1982-09-01', '+380931100006', 'elizabeth@example.com'),
('Дмитро', 'Павленко', 3, '1992-05-20', '+380931100007', 'dmytro_p@example.com'),
('Олена', 'Шевчук', 4, '1993-11-15', '+380931100008', 'olena@example.com'),
('Ірина', 'Романова', 1, '1984-12-25', '+380931100009', 'irina_romanova@example.com'),
('Тимофій', 'Гордієнко', 2, '1987-04-14', '+380931100010', 'timofiy@example.com'),
('Марина', 'Даниленко', 3, '1985-10-22', '+380931100011', 'marina_danilenko@example.com'),
('Владимир', 'Василенко', 4, '1991-03-07', '+380931100012', 'vladimir@example.com'),
('Софія', 'Бондаренко', 1, '1990-11-02', '+380931100013', 'sofia_b@example.com'),
('Євгенія', 'Іваненко', 2, '1983-05-30', '+380931100014', 'evgeniya@example.com'),
('Наталя', 'Мельниченко', 3, '1990-04-13', '+380931100015', 'natalya@example.com'),
('Андрій', 'Чорний', 4, '1992-01-29', '+380931100016', 'andriy@example.com'),
('Тарас', 'Петрів', 1, '1994-07-06', '+380931100017', 'taras@example.com'),
('Світлана', 'Коваленко', 2, '1986-02-17', '+380931100018', 'svitlana_k@example.com'),
('Олександр', 'Чеботарьов', 3, '1989-03-28', '+380931100019', 'chebotarov@example.com'),
('Марія', 'Тимошенко', 4, '1992-09-16', '+380931100020', 'maria_t@example.com'),
('Ілля', 'Скрипник', 1, '1991-12-04', '+380931100021', 'skrypnyk@example.com'),
('Тетяна', 'Кравчук', 2, '1985-06-01', '+380931100022', 'tetiana_k@example.com'),
('Максим', 'Гаєвий', 3, '1992-04-15', '+380931100023', 'maksym@example.com'),
('Лариса', 'Захарова', 4, '1990-10-23', '+380931100024', 'larisa@example.com'),
('Назар', 'Король', 1, '1995-02-08', '+380931100025', 'nazar_k@example.com'),
('Марина', 'Шевченко', 2, '1989-03-04', '+380931100026', 'marina_s@example.com'),
('Артур', 'Левченко', 3, '1990-06-21', '+380931100027', 'artur@example.com'),
('Іванна', 'Ковальчук', 4, '1992-05-14', '+380931100028', 'ivanna@example.com'),
('Тимур', 'Чекман', 1, '1984-10-30', '+380931100029', 'timur@example.com'),
('Дарина', 'Гнатенко', 2, '1991-01-11', '+380931100030', 'daryna@example.com');




INSERT INTO Donations (DonorID, DonationDate, VolumeMl) VALUES
(1, '2025-04-01', 450),
(2, '2025-04-02', 500),
(3, '2025-04-03', 450),
(4, '2025-05-04', 500),
(5, '2025-05-05', 450),
(6, '2025-05-06', 500),
(7, '2025-05-07', 450),
(8, '2025-05-08', 500),
(9, '2025-06-09', 450),
(10, '2025-06-10', 500),
(11, '2025-07-11', 450),
(12, '2025-07-12', 500),
(13, '2025-03-13', 450),
(14, '2025-03-14', 500),
(15, '2025-09-15', 450),
(16, '2025-10-16', 500),
(17, '2025-03-17', 450),
(18, '2025-03-18', 500),
(19, '2025-03-19', 450),
(20, '2025-03-20', 500),
(21, '2025-03-21', 450),
(22, '2025-03-22', 500),
(23, '2025-03-23', 450),
(24, '2025-03-24', 500),
(25, '2025-03-25', 450),
(26, '2025-03-26', 500),
(27, '2025-03-27', 450),
(28, '2025-03-28', 500),
(29, '2025-03-29', 450),
(30, '2025-03-30', 500);



INSERT INTO BloodRequests (RecipientID, RequestDate, BloodTypeID, VolumeMl, Status) VALUES
(1, '2025-04-01', 1, 500, 'Pending'),
(2, '2025-04-02', 2, 400, 'Approved'),
(3, '2025-04-03', 3, 450, 'Pending'),
(4, '2025-04-04', 4, 350, 'Completed'),
(5, '2025-04-05', 1, 500, 'Pending'),
(6, '2025-04-06', 2, 450, 'Approved'),
(7, '2025-04-07', 3, 500, 'Pending'),
(8, '2025-04-08', 4, 400, 'Completed'),
(9, '2025-04-09', 1, 450, 'Pending'),
(10, '2025-04-10', 2, 500, 'Approved'),
(11, '2025-04-11', 3, 400, 'Pending'),
(12, '2025-04-12', 4, 450, 'Completed'),
(13, '2025-04-13', 1, 500, 'Pending'),
(14, '2025-04-14', 2, 450, 'Approved'),
(15, '2025-04-15', 3, 500, 'Pending'),
(16, '2025-04-16', 4, 400, 'Completed'),
(17, '2025-04-17', 1, 450, 'Pending'),
(18, '2025-04-18', 2, 500, 'Approved'),
(19, '2025-04-19', 3, 400, 'Pending'),
(20, '2025-04-20', 4, 450, 'Completed'),
(21, '2025-04-21', 1, 500, 'Pending'),
(22, '2025-04-22', 2, 450, 'Approved'),
(23, '2025-04-23', 3, 500, 'Pending'),
(24, '2025-04-24', 4, 400, 'Completed'),
(25, '2025-04-25', 1, 450, 'Pending'),
(26, '2025-04-26', 2, 500, 'Approved'),
(27, '2025-04-27', 3, 400, 'Pending'),
(28, '2025-04-28', 4, 450, 'Completed'),
(29, '2025-04-29', 1, 500, 'Pending'),
(30, '2025-04-30', 2, 450, 'Approved');




INSERT INTO Employee (LastName, FirstName, MiddleName, Position, Phone) VALUES
('Іванова', 'Наталя', 'Петрівна', 'Лікар', '+380671001001'),
('Павленко', 'Олег', 'Іванович', 'Старший медбрат', '+380671001002'),
('Степаненко', 'Оксана', 'Володимирівна', 'Медсестра', '+380671001003'),
('Василенко', 'Сергій', 'Андрійович', 'Адміністратор', '+380671001004'),
('Демченко', 'Юлія', 'Михайлівна', 'Лаборант', '+380671001005');

INSERT INTO Procedures (BloodID, RecipientID, ProcedureDate, Type) VALUES
(1, 1, '2025-04-01', 'Переливання крові'),
(2, 2, '2025-04-02', 'Переливання крові'),
(3, 3, '2025-04-03', 'Переливання крові'),
(4, 4, '2025-04-04', 'Переливання крові'),
(1, 5, '2025-04-05', 'Переливання крові'),
(2, 6, '2025-04-06', 'Переливання крові'),
(3, 7, '2025-04-07', 'Переливання крові'),
(4, 8, '2025-04-08', 'Переливання крові'),
(1, 9, '2025-04-09', 'Переливання крові'),
(2, 10, '2025-04-10', 'Переливання крові'),
(3, 11, '2025-04-11', 'Переливання крові'),
(4, 12, '2025-04-12', 'Переливання крові'),
(1, 13, '2025-04-13', 'Переливання крові'),
(2, 14, '2025-04-14', 'Переливання крові'),
(3, 15, '2025-04-15', 'Переливання крові'),
(4, 16, '2025-04-16', 'Переливання крові'),
(1, 17, '2025-04-17', 'Переливання крові'),
(2, 18, '2025-04-18', 'Переливання крові'),
(3, 19, '2025-04-19', 'Переливання крові'),
(4, 20, '2025-04-20', 'Переливання крові'),
(1, 21, '2025-04-21', 'Переливання крові'),
(2, 22, '2025-04-22', 'Переливання крові'),
(3, 23, '2025-04-23', 'Переливання крові'),
(4, 24, '2025-04-24', 'Переливання крові'),
(1, 25, '2025-04-25', 'Переливання крові'),
(2, 26, '2025-04-26', 'Переливання крові'),
(3, 27, '2025-04-27', 'Переливання крові'),
(4, 28, '2025-04-28', 'Переливання крові'),
(1, 29, '2025-04-29', 'Переливання крові'),
(2, 30, '2025-04-30', 'Переливання крові');





